cn,species1216,tropwgt1216,cfmtcbm1216,division1216,jqcat1216,jq3cat1216,species1721,tropwgt1721,cfmtcbm1721,division1721,jqcat1721,jq3cat1721,eceeu1721,repunit1721,cfwrme
44010000,0,0,0,0,0,0,NA,NA,NA,NA,NA,NA,NA,NA,1
44011000,0,0,1.38,24,110,0,0,0,0,0,0,0,0,0,1.2
44011100,NA,NA,NA,NA,NA,NA,1,0,1.43,24,1100,0,0,2,1.2
44011200,NA,NA,NA,NA,NA,NA,2,0,1.25,24,1100,0,0,2,1.2
44012100,0,0,1.48,24,310,0,0,0,1.48,24,3100,0,0,2,1.2
44012200,0,0,1.48,24,310,0,0,0,1.48,24,3100,0,0,2,1.2
44013100,0,0,1.48,24,410,0,0,0,1.48,24,5100,0,0,1,1.2
44013900,NA,NA,NA,NA,NA,NA,0,0,1.48,24,5200,0,0,1,1.2
44013910,0,0,1.48,24,320,0,NA,NA,NA,NA,NA,NA,NA,NA,1.2
44013920,0,0,1.48,24,420,0,0,0,0,24,0,0,0,0,1.2
44013930,0,0,1.48,24,320,0,0,0,0,24,0,0,0,0,1.2
44013980,0,0,1.48,24,320,0,0,0,0,24,0,0,0,0,1.2
44013990,0,0,1.48,24,420,0,NA,NA,NA,NA,NA,NA,NA,NA,1.2
44014010,NA,NA,NA,NA,NA,NA,0,0,1.48,24,3200,0,0,2,1
44014090,NA,NA,NA,NA,NA,NA,0,0,1.48,24,4000,0,0,2,1
44020000,0,0,0,24,0,0,NA,NA,NA,NA,NA,NA,NA,NA,1
44021000,0,0,0,24,0,0,0,0,0,0,0,0,0,0,6
44029000,0,0,0,24,200,0,0,0,0,24,2000,0,0,1,6
44030000,0,0,0,0,0,0,NA,NA,NA,NA,NA,NA,NA,NA,1
44031000,0,0,0,24,0,0,0,0,0,0,0,0,0,0,1.1
44031100,NA,NA,NA,NA,NA,NA,1,0,1.43,24,1220,0,132,2,1.1
44031200,NA,NA,NA,NA,NA,NA,2,0,1.25,24,1220,0,290,2,1.1
44032011,1,0,1.43,24,121,0,0,0,0,24,0,0,0,0,1
44032019,1,0,1.43,24,122,0,0,0,0,24,0,0,0,0,1
44032031,1,0,1.43,24,121,0,0,0,0,24,0,0,0,0,1
44032039,1,0,1.43,24,122,0,0,0,0,24,0,0,0,0,1
44032091,1,0,1.43,24,121,0,0,0,0,24,0,0,0,0,1
44032099,1,0,1.43,24,122,0,NA,NA,NA,NA,NA,NA,NA,NA,1
44032110,NA,NA,NA,NA,NA,NA,1,0,1.43,24,1210,0,121,2,1
44032190,NA,NA,NA,NA,NA,NA,1,0,1.43,24,1220,0,122,2,1
44032200,NA,NA,NA,NA,NA,NA,1,0,1.43,24,1220,0,122,2,1
44032310,NA,NA,NA,NA,NA,NA,1,0,1.43,24,1210,0,111,2,1
44032390,NA,NA,NA,NA,NA,NA,1,0,1.43,24,1220,0,112,2,1
44032400,NA,NA,NA,NA,NA,NA,1,0,1.43,24,1220,0,112,2,1
44032510,NA,NA,NA,NA,NA,NA,1,0,1.43,24,1210,0,131,2,1
44032600,NA,NA,NA,NA,NA,NA,1,0,1.43,24,1220,0,132,2,1
44034100,2,1,1.25,24,121,0,2,1,1.25,24,1210,0,290,2,1
44034910,2,1,1.25,24,121,0,2,1,1.25,24,1210,0,290,2,1
44034935,2,1,1.25,24,121,0,2,1,1.25,24,1210,0,290,2,1
44034985,NA,NA,NA,NA,NA,NA,2,1,1.25,24,1210,0,290,2,1
44034995,2,1,1.25,24,121,0,0,1,0,24,0,0,0,0,1
44039100,NA,NA,NA,NA,NA,NA,2,0,1.25,24,1210,0,210,2,1
44039110,2,0,1.25,24,121,0,0,0,0,24,0,0,0,0,1
44039190,2,0,1.25,24,122,0,0,0,0,24,0,0,0,0,1
44039210,2,0,1.25,24,121,0,NA,NA,NA,NA,NA,NA,NA,NA,1
44039290,2,0,1.25,24,122,0,0,0,0,24,0,0,0,0,1
44039300,NA,NA,NA,NA,NA,NA,2,0,1.25,24,1210,0,220,2,1
44039400,NA,NA,NA,NA,NA,NA,2,0,1.25,24,1220,0,220,2,1
44039590,NA,NA,NA,NA,NA,NA,2,0,1.25,24,1220,0,232,2,1
44039600,NA,NA,NA,NA,NA,NA,2,0,1.25,24,1220,0,232,2,1
44039700,NA,NA,NA,NA,NA,NA,2,0,1.25,24,1210,0,240,2,1
44039800,NA,NA,NA,NA,NA,NA,2,0,1.25,24,1210,0,250,2,1
44039900,NA,NA,NA,NA,NA,NA,2,0,1.25,24,1210,0,290,2,1
44039910,2,0,1.25,24,121,0,NA,NA,NA,NA,NA,NA,NA,NA,1
44039930,2,0,1.25,24,121,0,0,0,0,0,0,0,0,0,1
44039951,2,0,1.25,24,121,0,NA,NA,NA,NA,NA,NA,NA,NA,1
44039959,2,0,1.25,24,122,0,NA,NA,NA,NA,NA,NA,NA,NA,1
44039995,2,0.5,1.25,24,121,0,0,0,0,0,0,0,0,0,1
44040000,0,0,0,63,0,0,NA,NA,NA,NA,NA,NA,NA,NA,2.5
44041000,0,0,0,63,0,0,0,0,0,63,0,13700,0,0,2.5
44042000,0,0,0,63,0,0,0,0,0,63,0,13700,0,0,2.5
44050000,0,0,0,63,0,0,0,0,0,63,0,13700,0,0,1.7
44060000,0,0,0,0,0,0,NA,NA,NA,NA,NA,NA,NA,NA,1
44061000,0,0,0,24,0,0,0,0,0,0,0,0,0,0,1.58
44061100,NA,NA,NA,NA,NA,NA,1,0,1.82,24,6000,0,390,2,1.58
44061200,NA,NA,NA,NA,NA,NA,2,0,1.43,24,6000,0,490,2,1.58
44069000,0,0,0,24,0,0,0,0,0,24,0,0,0,0,1.58
44069100,NA,NA,NA,NA,NA,NA,1,0,1.82,24,6000,0,390,2,1.58
44069200,NA,NA,NA,NA,NA,NA,2,0,1.43,24,6000,0,490,2,1.58
44070000,0,0,0,0,0,0,NA,NA,NA,NA,NA,NA,NA,NA,1
44071015,1,0,1.82,24,500,0,0,0,0,0,0,0,0,0,2
44071031,1,0,1.82,24,500,0,0,0,0,0,0,0,0,0,2
44071033,1,0,1.82,24,500,0,0,0,0,0,0,0,0,0,2
44071038,1,0,1.82,24,500,0,0,0,0,0,0,0,0,0,2
44071091,1,0,1.82,24,500,0,0,0,0,0,0,0,0,0,2
44071093,1,0,1.82,24,500,0,0,0,0,0,0,0,0,0,2
44071098,1,0,1.82,24,500,0,0,0,0,0,0,0,0,0,2
44071110,NA,NA,NA,NA,NA,NA,1,0,1.82,24,6000,0,320,2,2
44071120,NA,NA,NA,NA,NA,NA,1,0,1.82,24,6000,0,320,2,2
44071190,NA,NA,NA,NA,NA,NA,1,0,1.82,24,6000,0,320,2,2
44071210,NA,NA,NA,NA,NA,NA,1,0,1.82,24,6000,0,310,2,2
44071220,NA,NA,NA,NA,NA,NA,1,0,1.82,24,6000,0,310,2,2
44071290,NA,NA,NA,NA,NA,NA,1,0,1.82,24,6000,0,310,2,2
44071910,NA,NA,NA,NA,NA,NA,1,0,1.82,24,6000,0,390,2,2
44071920,NA,NA,NA,NA,NA,NA,1,0,1.82,24,6000,0,390,2,2
44071990,NA,NA,NA,NA,NA,NA,1,0,1.82,24,6000,0,390,2,2
44072110,2,1,1.43,24,500,0,2,1,1.43,24,6000,0,490,2,2.5
44072191,2,1,1.43,24,500,0,NA,NA,NA,NA,NA,NA,NA,NA,2.5
44072199,2,1,1.43,24,500,0,2,1,1.43,24,6000,0,490,2,2.5
44072210,2,1,1.43,24,500,0,2,1,1.43,24,6000,0,490,2,2.5
44072291,2,1,1.43,24,500,0,2,1,1.43,24,6000,0,490,2,2.5
44072299,2,1,1.43,24,500,0,2,1,1.43,24,6000,0,490,2,2.5
44072500,2,1,1.43,24,500,0,NA,NA,NA,NA,NA,NA,NA,NA,2.5
44072510,2,1,1.43,24,500,0,2,1,1.43,24,6000,0,490,2,2.5
44072530,2,1,1.43,24,500,0,2,1,1.43,24,6000,0,490,2,2.5
44072550,2,1,1.43,24,500,0,2,1,1.43,24,6000,0,490,2,2.5
44072590,2,1,1.43,24,500,0,2,1,1.43,24,6000,0,490,2,2.5
44072600,2,1,1.43,24,500,0,NA,NA,NA,NA,NA,NA,NA,NA,2.5
44072690,2,1,1.43,24,500,0,2,1,1.43,24,6000,0,490,2,2.5
44072710,2,1,1.43,24,500,0,2,1,1.43,24,6000,0,490,2,2.5
44072791,2,1,1.43,24,500,0,2,1,1.43,24,6000,0,490,2,2.5
44072799,2,1,1.43,24,500,0,2,1,1.43,24,6000,0,490,2,2.5
44072800,2,1,1.43,24,500,0,NA,NA,NA,NA,NA,NA,NA,NA,2.5
44072810,2,1,1.43,24,500,0,2,1,1.43,24,6000,0,490,2,2.5
44072891,2,1,1.43,24,500,0,NA,NA,NA,NA,NA,NA,NA,NA,2.5
44072899,2,1,1.43,24,500,0,2,1,1.43,24,6000,0,490,2,2.5
44072915,2,1,1.43,24,500,0,2,1,1.43,24,6000,0,490,2,2.5
44072920,2,1,1.43,24,500,0,2,1,1.43,24,6000,0,490,2,2.5
44072925,2,1,1.43,24,500,0,2,1,1.43,24,6000,0,490,2,2.5
44072945,2,1,1.43,24,500,0,2,1,1.43,24,6000,0,490,2,2.5
44072960,2,1,1.43,24,500,0,2,1,1.43,24,6000,0,490,2,2.5
44072983,2,1,1.43,24,500,0,2,1,1.43,24,6000,0,490,2,2.5
44072985,2,1,1.43,24,500,0,2,1,1.43,24,6000,0,490,2,2.5
44072995,2,1,1.43,24,500,0,2,1,1.43,24,6000,0,490,2,2.5
44072996,NA,NA,NA,NA,NA,NA,2,1,1.43,24,6000,0,490,2,2.5
44072997,NA,NA,NA,NA,NA,NA,2,1,1.43,24,6000,0,490,2,2.5
44072998,NA,NA,NA,NA,NA,NA,2,1,1.43,24,6000,0,490,2,2.5
44079115,2,0,1.43,24,500,0,2,0,1.43,24,6000,0,410,2,2.5
44079131,2,0,1.43,24,0,1110,2,0,1.43,24,0,13100,0,0,2.5
44079139,2,0,1.43,24,500,0,2,0,1.43,24,6000,0,410,2,2.5
44079190,2,0,1.43,24,500,0,2,0,1.43,24,6000,0,410,2,2.5
44079200,2,0,1.43,24,500,0,2,0,1.43,24,6000,0,420,2,2.5
44079300,2,0,1.43,24,500,0,NA,NA,NA,NA,NA,NA,NA,NA,2.5
44079310,2,0,1.43,24,500,0,2,0,1.43,24,6000,0,430,2,2.5
44079391,2,0,1.43,24,500,0,NA,NA,NA,NA,NA,NA,NA,NA,2.5
44079399,2,0,1.43,24,500,0,2,0,1.43,24,6000,0,430,2,2.5
44079410,2,0,1.43,24,500,0,2,0,1.43,24,6000,0,440,2,2.5
44079491,2,0,1.43,24,500,0,NA,NA,NA,NA,NA,NA,NA,NA,2.5
44079499,2,0,1.43,24,500,0,2,0,1.43,24,6000,0,440,2,2.5
44079500,2,0,1.43,24,500,0,NA,NA,NA,NA,NA,NA,NA,NA,2.5
44079510,2,0,1.43,24,500,0,2,0,1.43,24,6000,0,450,2,2.5
44079591,2,0,1.43,24,500,0,NA,NA,NA,NA,NA,NA,NA,NA,2.5
44079599,2,0,1.43,24,500,0,2,0,1.43,24,6000,0,450,2,2.5
44079610,NA,NA,NA,NA,NA,NA,2,0,1.43,24,6000,0,470,2,2.5
44079699,NA,NA,NA,NA,NA,NA,2,0,1.43,24,6000,0,470,2,2.5
44079710,NA,NA,NA,NA,NA,NA,2,0,1.43,24,6000,0,460,2,2.5
44079791,NA,NA,NA,NA,NA,NA,2,0,1.43,24,6000,0,460,2,2.5
44079799,NA,NA,NA,NA,NA,NA,2,0,1.43,24,6000,0,460,2,2.5
44079927,2,0,1.43,24,500,0,2,0,1.43,24,6000,0,490,2,2.5
44079940,2,0,1.43,24,500,0,2,0,1.43,24,6000,0,490,2,2.5
44079990,NA,NA,NA,NA,NA,NA,2,0,1.43,24,6000,0,490,2,2.5
44079991,2,0,1.43,24,500,0,0,0,0,0,0,0,0,0,2.5
44079996,2,1,1.43,24,500,0,0,0,0,0,0,0,0,0,2.5
44079998,2,0,1.43,24,500,0,0,0,0,0,0,0,0,0,2.5
44080000,0,0,0,0,0,0,NA,NA,NA,NA,NA,NA,NA,NA,1
44081015,1,0,1.33,63,610,0,1,0,1.33,63,7000,0,0,2,3.45
44081091,1,0,1.33,63,610,0,1,0,1.33,63,7000,0,0,2,3.45
44081098,1,0,1.33,63,610,0,1,0,1.33,63,7000,0,0,2,3.45
44083111,2,1,1.33,63,610,0,2,1,1.33,63,7000,0,0,2,3.45
44083125,NA,NA,NA,NA,NA,NA,2,1,1.33,63,7000,0,0,2,3.45
44083130,2,1,1.33,63,610,0,2,1,1.33,63,7000,0,0,2,3.45
44083915,2,1,1.33,63,610,0,2,1,1.33,63,7000,0,0,2,3.45
44083921,2,1,1.33,63,610,0,NA,NA,NA,NA,NA,NA,NA,NA,3.45
44083930,2,1,1.33,63,610,0,2,1,1.33,63,7000,0,0,2,3.45
44083955,2,1,1.33,63,610,0,2,1,1.33,63,7000,0,0,2,3.45
44083985,2,1,1.33,63,610,0,2,1,1.33,63,7000,0,0,2,3.45
44083995,2,1,1.33,63,610,0,2,1,1.33,63,7000,0,0,2,3.45
44089015,2,0.5,1.33,63,610,0,2,0,1.33,63,7000,0,0,2,3.45
44089035,2,0.5,1.33,63,610,0,2,0,1.33,63,7000,0,0,2,3.45
44089085,2,0.5,1.33,63,610,0,2,0,1.33,63,7000,0,0,2,3.45
44089095,2,0.5,1.33,63,610,0,2,0,1.33,63,7000,0,0,2,3.45
44090000,0,0,0,0,0,0,NA,NA,NA,NA,NA,NA,NA,NA,1
44091011,1,0,0,24,0,1110,1,0,0,24,0,13100,0,0,3.7
44091018,1,0,0,24,0,1110,1,0,0,24,0,13100,0,0,3.7
44092100,0,0,0,24,0,0,0,0,0,24,0,0,0,0,2.5
44092200,NA,NA,NA,NA,NA,NA,2,1,0,24,0,13100,0,0,2.5
44092910,2,0.5,0,24,0,1110,2,0,0,24,0,13100,0,0,2.5
44092991,2,0.5,0,24,0,1110,2,0,0,24,0,13100,0,0,2.5
44092999,2,0.5,0,24,0,1110,2,0,0,24,0,13100,0,0,2.5
44100000,0,0,1.54,63,630,0,NA,NA,NA,NA,NA,NA,NA,NA,2.5
44101110,0,0,1.54,63,632,0,0,0,1.54,63,8220,0,0,2,2.5
44101130,0,0,1.54,63,632,0,0,0,1.54,63,8220,0,0,2,2.5
44101150,0,0,1.54,63,632,0,0,0,1.54,63,8220,0,0,2,2.5
44101190,0,0,1.54,63,632,0,0,0,1.54,63,8220,0,0,2,2.5
44101210,0,0,1.54,63,631,0,0,0,1.54,63,8210,0,0,2,2.5
44101290,0,0,1.54,63,631,0,0,0,1.54,63,8210,0,0,2,2.5
44101900,0,0,1.54,63,632,0,0,0,1.54,63,8220,0,0,2,2.5
44109000,0,0,1.54,63,632,0,0,0,1.54,63,8220,0,0,2,2.5
44110000,0,0,0,63,0,0,NA,NA,NA,NA,NA,NA,NA,NA,2.5
44111210,0,0,1.667,63,642,0,0,0,1.667,63,8320,0,0,2,2.5
44111290,0,0,1.667,63,642,0,0,0,1.667,63,8320,0,0,2,2.5
44111310,0,0,1.667,63,642,0,0,0,1.667,63,8320,0,0,2,2.5
44111390,0,0,1.667,63,642,0,0,0,1.667,63,8320,0,0,2,2.5
44111410,0,0,1.667,63,642,0,0,0,1.667,63,8320,0,0,2,2.5
44111490,0,0,1.667,63,642,0,0,0,1.667,63,8320,0,0,2,2.5
44119210,0,0,1.053,63,641,0,0,0,1.053,63,8310,0,0,2,2.5
44119290,0,0,1.053,63,641,0,0,0,1.053,63,8310,0,0,2,2.5
44119310,0,0,1.667,63,643,0,0,0,4,63,8330,0,0,2,2.5
44119390,0,0,1.667,63,643,0,0,0,4,63,8330,0,0,2,2.5
44119410,0,0,4,63,643,0,0,0,1.667,63,8330,0,0,2,2.5
44119490,0,0,4,63,643,0,0,0,1.667,63,8330,0,0,2,2.5
44120000,0,0,0,0,0,0,NA,NA,NA,NA,NA,NA,NA,NA,1
44121000,0,0,0,63,0,0,0,0,0,63,0,0,0,0,2.5
44123110,2,1,1.54,63,620,0,2,1,1.54,63,8100,0,0,2,2.5
44123190,2,1,1.54,63,620,0,2,1,1.54,63,8100,0,0,2,2.5
44123210,2,0,1.54,63,620,0,0,0,0,63,0,0,0,0,2.5
44123290,2,0,1.54,63,620,0,0,0,0,63,0,0,0,0,2.5
44123300,NA,NA,NA,NA,NA,NA,2,0,1.54,63,8100,0,0,2,2.5
44123400,NA,NA,NA,NA,NA,NA,2,0,1.54,63,8100,0,0,2,2.5
44123900,1,0,1.54,63,620,0,1,0,1.54,63,8100,0,0,2,2.5
44129410,2,0,1.54,63,620,0,2,0,1.54,63,8100,0,0,2,2.5
44129490,1,0,1.54,63,620,0,1,0.5,1.54,63,8100,0,0,2,2.5
44129930,2,0,1.54,63,620,0,2,0,1.54,63,8100,0,0,2,2.5
44129940,2,0,1.54,63,620,0,2,0,1.54,63,8100,0,0,2,2.5
44129950,2,0.5,1.54,63,620,0,2,0.5,1.54,63,8100,0,0,2,2.5
44129985,1,0,1.54,63,620,0,1,0.5,1.54,63,8100,0,0,2,2.5
44130000,0,0,0,63,0,0,0,0,0,63,0,13700,0,0,2.5
44140000,0,0,0,63,0,1130,NA,NA,NA,NA,NA,NA,NA,NA,2.5
44140010,0,0,0,63,0,1130,0,0,0,63,0,13300,0,0,2.5
44140090,0,0,0,63,0,1130,0,0,0,63,0,13300,0,0,2.5
44150000,0,0,0,63,0,1120,NA,NA,NA,NA,NA,NA,NA,NA,2
44151010,0,0,0,63,0,1120,0,0,0,63,0,13200,0,0,2
44151090,0,0,0,63,0,1120,0,0,0,63,0,13200,0,0,2
44152020,0,0,0,63,0,1120,0,0,0,63,0,13200,0,0,2
44152090,0,0,0,63,0,1120,0,0,0,63,0,13200,0,0,2
44160000,0,0,0,63,0,1120,0,0,0,63,0,13200,0,0,2.5
44170000,0,0,0,63,0,1140,0,0,0,63,0,13700,0,0,2.5
44180000,0,0,0,63,0,1150,NA,NA,NA,NA,NA,NA,NA,NA,2.5
44181010,0,0,0,63,0,1150,0,0,0,63,0,13400,0,0,2.5
44181050,0,0,0,63,0,1150,0,0,0,63,0,13400,0,0,2.5
44181090,0,0,0,63,0,1150,0,0,0,63,0,13400,0,0,2.5
44182010,0,0,0,63,0,1150,0,0,0,63,0,13400,0,0,2.5
44182050,0,0,0,63,0,1150,0,0,0,63,0,13400,0,0,2.5
44182080,0,0,0,63,0,1150,0,0,0,63,0,13400,0,0,2.5
44184000,0,0,0,63,0,1150,0,0,0,63,0,13400,0,0,2.5
44185000,0,0,0,63,0,1150,0,0,0,63,0,13400,0,0,2.5
44186000,0,0,0,63,0,1150,0,0,0,63,0,13400,0,0,2.5
44187100,0,0,0,63,0,1150,0,0,0,63,0,0,0,0,2.5
44187200,0,0,0,63,0,1150,0,0,0,63,0,0,0,0,2.5
44187310,NA,NA,NA,NA,NA,NA,0,0,0,63,0,0,0,0,2.5
44187390,NA,NA,NA,NA,NA,NA,0,0,0,63,0,0,0,0,2.5
44187400,NA,NA,NA,NA,NA,NA,0,0,0,63,0,13400,0,0,2.5
44187500,NA,NA,NA,NA,NA,NA,0,0,0,63,0,13400,0,0,2.5
44187900,0,0,0,63,0,1150,0,0,0,63,0,13400,0,0,2.5
44189010,0,0,0,63,0,1150,0,0,0,63,0,0,0,0,2.5
44189080,0,0,0,63,0,1150,0,0,0,63,0,0,0,0,2.5
44189100,NA,NA,NA,NA,NA,NA,0,0,0,63,0,0,0,0,2.5
44189910,NA,NA,NA,NA,NA,NA,0,0,0,63,0,13400,0,0,2.5
44189990,NA,NA,NA,NA,NA,NA,0,0,0,63,0,13400,0,0,2.5
44190000,0,0,0,63,0,1130,NA,NA,NA,NA,NA,NA,NA,NA,2.5
44190010,0,0,0,63,0,1130,0,0,0,63,0,0,0,0,2.5
44190090,0,0,0,63,0,1130,0,0,0,63,0,0,0,0,2.5
44191100,NA,NA,NA,NA,NA,NA,0,0,0,63,0,0,0,0,2.5
44191200,NA,NA,NA,NA,NA,NA,0,0,0,63,0,0,0,0,2.5
44191900,NA,NA,NA,NA,NA,NA,0,0,0,63,0,0,0,0,2.5
44199010,NA,NA,NA,NA,NA,NA,0,0,0,63,0,13300,0,0,2.5
44199090,NA,NA,NA,NA,NA,NA,0,0,0,63,0,13300,0,0,2.5
44200000,0,0,0,63,0,1130,NA,NA,NA,NA,NA,NA,NA,NA,2.5
44201011,0,0,0,63,0,1130,0,0,0,63,0,13300,0,0,2.5
44201019,0,0,0,63,0,1130,0,0,0,63,0,13300,0,0,2.5
44209010,0,0,0,63,0,1130,0,0,0,63,0,13300,0,0,2.5
44209091,0,0,0,63,0,1130,0,0,0,63,0,13300,0,0,2.5
44209099,0,0,0,63,0,1130,0,0,0,63,0,13300,0,0,2.5
44210000,0,0,0,63,0,1140,NA,NA,NA,NA,NA,NA,NA,NA,2.5
44211000,0,0,0,63,0,1140,0,0,0,63,0,13700,0,0,2.5
44219091,0,0,0,63,0,1140,0,0,0,63,0,0,0,0,2.5
44219095,0,0,0,63,0,1140,0,0,0,63,0,0,0,0,2.5
44219097,0,0,0,63,0,1140,0,0,0,63,0,0,0,0,2.5
44219098,0,0,0,0,0,0,NA,NA,NA,NA,NA,NA,NA,NA,2.5
44219100,NA,NA,NA,NA,NA,NA,0,0,0,63,0,0,0,0,2.5
44219910,NA,NA,NA,NA,NA,NA,0,0,0,63,0,13700,0,0,2.5
44219991,NA,NA,NA,NA,NA,NA,0,0,0,63,0,13700,0,0,2.5
44219999,NA,NA,NA,NA,NA,NA,0,0,0,63,0,13700,0,0,2.5
47010000,0,0,0,25,710,0,NA,NA,NA,NA,NA,NA,NA,NA,2.5
47010010,0,0,0,0,0,0,0,0,0,25,9100,0,0,1,2.5
47010090,0,0,0,25,710,0,0,0,0,25,9100,0,0,1,2.5
47020000,0,0,0,25,740,0,0,0,0,25,9300,0,0,1,2.5
47030000,0,0,0,0,0,0,NA,NA,NA,NA,NA,NA,NA,NA,1
47031100,0,0,0,25,731,0,0,0,0,25,9212,0,0,1,6
47031900,0,0,0,25,731,0,NA,NA,NA,NA,NA,NA,NA,NA,6
47032100,0,0,0,25,732,0,0,0,0,25,9211,0,0,1,4.5
47032900,0,0,0,25,732,0,0,0,0,25,9211,0,0,1,4.5
47040000,0,0,0,0,0,0,NA,NA,NA,NA,NA,NA,NA,NA,1
47041100,0,0,0,25,733,0,0,0,0,25,9220,0,0,1,5
47041900,0,0,0,25,733,0,NA,NA,NA,NA,NA,NA,NA,NA,5
47042100,0,0,0,25,734,0,0,0,0,25,9220,0,0,1,5
47042900,0,0,0,25,734,0,0,0,0,25,9220,0,0,1,5
47050000,0,0,0,25,720,0,0,0,0,25,9100,0,0,1,2.75
47060000,0,0,0,0,0,0,NA,NA,NA,NA,NA,NA,NA,NA,1
47061000,0,0,0,0,810,0,0,0,0,0,10100,0,0,1,1
47062000,0,0,0,0,820,0,0,0,0,0,10200,0,0,1,1
47063000,0,0,0,0,810,0,0,0,0,0,10100,0,0,1,1
47069100,0,0,0,0,810,0,0,0,0,0,10100,0,0,1,1
47069200,0,0,0,0,810,0,0,0,0,0,10100,0,0,1,1
47069300,0,0,0,0,810,0,0,0,0,0,10100,0,0,1,1
47070000,0,0,0,25,900,0,NA,NA,NA,NA,NA,NA,NA,NA,2.8
47071000,0,0,0,25,900,0,0,0,0,25,11000,0,0,1,2.8
47072000,0,0,0,25,900,0,0,0,0,25,11000,0,0,1,2.8
47073010,0,0,0,25,900,0,0,0,0,25,11000,0,0,1,2.8
47073090,0,0,0,25,900,0,0,0,0,25,11000,0,0,1,2.8
47079010,0,0,0,25,900,0,0,0,0,25,11000,0,0,1,2.8
47079090,0,0,0,25,900,0,0,0,0,25,11000,0,0,1,2.8
48010000,0,0,0,64,1011,0,0,0,0,64,12110,0,0,1,2.8
48020000,0,0,0,0,0,0,NA,NA,NA,NA,NA,NA,NA,NA,1
48021000,0,0,0,64,1013,0,0,0,0,64,12130,0,0,1,3.5
48022000,0,0,0,64,1013,0,0,0,0,64,12130,0,0,1,3.5
48024010,0,0,0,64,1040,0,0,0,0,64,12400,0,0,1,3.5
48024090,0,0,0,64,1040,0,0,0,0,64,12400,0,0,1,3.5
48025400,0,0,0,64,1013,0,0,0,0,64,12130,0,0,1,3.5
48025515,0,0,0,64,1013,0,0,0,0,64,12130,0,0,1,3.5
48025525,0,0,0,64,1013,0,0,0,0,64,12130,0,0,1,3.5
48025530,0,0,0,64,1013,0,0,0,0,64,12130,0,0,1,3.5
48025590,0,0,0,64,1013,0,0,0,0,64,12130,0,0,1,3.5
48025620,0,0,0,64,1013,0,0,0,0,0,12130,0,0,1,3.5
48025680,0,0,0,64,1013,0,0,0,0,0,12130,0,0,1,3.5
48025700,0,0,0,64,1013,0,0,0,0,64,12130,0,0,1,3.5
48025810,0,0,0,64,1013,0,0,0,0,64,12130,0,0,1,3.5
48025890,0,0,0,64,1013,0,0,0,0,64,12130,0,0,1,3.5
48026115,0,0,0,64,1012,0,0,0,0,64,12120,0,0,1,3.5
48026180,0,0,0,64,1012,0,0,0,0,64,12120,0,0,1,3.5
48026200,0,0,0,64,1012,0,0,0,0,64,12120,0,0,1,3.5
48026900,0,0,0,64,1012,0,0,0,0,64,12120,0,0,1,3.5
48030000,0,0,0,64,1020,0,NA,NA,NA,NA,NA,NA,NA,NA,2.5
48030010,0,0,0,64,1020,0,0,0,0,64,12200,0,0,1,2.5
48030031,0,0,0,64,1020,0,0,0,0,64,12200,0,0,1,2.5
48030039,0,0,0,64,1020,0,0,0,0,64,12200,0,0,1,2.5
48030090,0,0,0,64,1020,0,0,0,0,64,12200,0,0,1,2.5
48040000,0,0,0,64,0,0,NA,NA,NA,NA,NA,NA,NA,NA,2.5
48041111,0,0,0,64,1031,0,0,0,0,64,12310,0,0,1,2.5
48041115,0,0,0,64,1031,0,0,0,0,64,12310,0,0,1,2.5
48041119,0,0,0,64,1031,0,0,0,0,64,12310,0,0,1,2.5
48041190,0,0,0,64,1031,0,0,0,0,64,12310,0,0,1,2.5
48041912,0,0,0,64,1031,0,0,0,0,64,12310,0,0,1,2.5
48041919,0,0,0,64,1031,0,0,0,0,64,12310,0,0,1,2.5
48041930,0,0,0,64,1031,0,0,0,0,64,12310,0,0,1,2.5
48041990,0,0,0,64,1031,0,0,0,0,64,12310,0,0,1,2.5
48042110,0,0,0,64,1033,0,0,0,0,64,12330,0,0,1,2.5
48042190,0,0,0,64,1033,0,0,0,0,64,12330,0,0,1,2.5
48042910,0,0,0,64,1033,0,0,0,0,64,12330,0,0,1,2.5
48042990,0,0,0,64,1033,0,0,0,0,64,12330,0,0,1,2.5
48043151,0,0,0,64,1033,0,0,0,0,64,12330,0,0,1,2.5
48043158,0,0,0,64,1033,0,0,0,0,64,12330,0,0,1,2.5
48043180,0,0,0,64,1033,0,0,0,0,64,12330,0,0,1,2.5
48043951,0,0,0,64,1033,0,0,0,0,64,12330,0,0,1,2.5
48043958,0,0,0,64,1033,0,0,0,0,64,12330,0,0,1,2.5
48043980,0,0,0,64,1033,0,0,0,0,64,12330,0,0,1,2.5
48044191,0,0,0,64,1040,0,0,0,0,64,12400,0,0,1,2.5
48044198,0,0,0,64,1040,0,0,0,0,64,12400,0,0,1,2.5
48044200,0,0,0,64,1032,0,0,0,0,64,12320,0,0,1,2.5
48044900,0,0,0,64,1032,0,0,0,0,64,12320,0,0,1,2.5
48045100,0,0,0,64,1032,0,0,0,0,64,12320,0,0,1,2.5
48045200,0,0,0,64,1032,0,0,0,0,64,12320,0,0,1,2.5
48045910,0,0,0,0,1032,0,0,0,0,64,12320,0,0,1,2.5
48045990,0,0,0,64,1032,0,0,0,0,64,12320,0,0,1,2.5
48050000,0,0,0,64,0,0,NA,NA,NA,NA,NA,NA,NA,NA,2.5
48051100,0,0,0,64,1031,0,0,0,0,64,12310,0,0,1,2.5
48051200,0,0,0,64,1031,0,0,0,0,64,12310,0,0,1,2.5
48051910,0,0,0,64,1031,0,0,0,0,64,12310,0,0,1,2.5
48051990,0,0,0,64,1031,0,0,0,0,64,12310,0,0,1,2.5
48052400,0,0,0,64,1031,0,0,0,0,64,12310,0,0,1,2.5
48052500,0,0,0,64,1031,0,0,0,0,64,12310,0,0,1,2.5
48053000,0,0,0,64,1033,0,0,0,0,64,12330,0,0,1,2.5
48054000,0,0,0,64,1040,0,0,0,0,64,12400,0,0,1,2.5
48055000,0,0,0,64,1040,0,0,0,0,64,12400,0,0,1,2.5
48059100,0,0,0,64,1031,0,0,0,0,64,12310,0,0,1,2.5
48059200,0,0,0,64,1032,0,0,0,0,64,12320,0,0,1,2.5
48059320,0,0,0,64,1034,0,0,0,0,64,12340,0,0,1,2.5
48059380,0,0,0,64,1034,0,0,0,0,64,12340,0,0,1,2.5
48060000,0,0,0,64,0,0,NA,NA,NA,NA,NA,NA,NA,NA,2.5
48061000,0,0,0,64,1033,0,0,0,0,64,12330,0,0,1,2.5
48062000,0,0,0,64,1033,0,0,0,0,64,12330,0,0,1,2.5
48063000,0,0,0,64,1040,0,0,0,0,64,12400,0,0,1,2.5
48064010,0,0,0,64,1033,0,0,0,0,64,12330,0,0,1,2.5
48064090,0,0,0,64,1033,0,0,0,0,64,12330,0,0,1,2.5
48070000,0,0,0,0,0,1210,NA,NA,NA,NA,NA,NA,NA,NA,1
48070030,0,0,0,0,0,0,0,0,0,0,0,14100,0,0,1
48070080,0,0,0,0,0,0,0,0,0,0,0,14100,0,0,1
48080000,0,0,0,64,1033,0,NA,NA,NA,NA,NA,NA,NA,NA,2.5
48081000,0,0,0,64,1033,0,0,0,0,64,12330,0,0,1,2.5
48084000,0,0,0,64,1033,0,0,0,0,64,12330,0,0,1,2.5
48089000,0,0,0,64,1033,0,0,0,0,64,12330,0,0,1,2.5
48090000,0,0,0,64,1014,0,NA,NA,NA,NA,NA,NA,NA,NA,2.5
48092000,0,0,0,64,1014,0,0,0,0,64,12140,0,0,1,2.5
48099000,0,0,0,64,1014,0,0,0,0,64,12140,0,0,1,2.5
48100000,0,0,0,0,0,0,NA,NA,NA,NA,NA,NA,NA,NA,1
48101300,0,0,0,64,1014,0,0,0,0,64,12140,0,0,1,2.5
48101400,0,0,0,64,1014,0,0,0,0,64,12140,0,0,1,2.5
48101900,0,0,0,64,1014,0,0,0,0,64,12140,0,0,1,2.5
48102200,0,0,0,64,1014,0,0,0,0,64,12140,0,0,1,2.5
48102930,0,0,0,64,1014,0,0,0,0,64,12140,0,0,1,2.5
48102980,0,0,0,64,1014,0,0,0,0,64,12140,0,0,1,2.5
48103100,0,0,0,0,1033,0,0,0,0,64,12330,0,0,1,1
48103210,0,0,0,0,1032,0,0,0,0,64,12320,0,0,1,1
48103290,0,0,0,0,1032,0,0,0,0,64,12320,0,0,1,1
48103900,0,0,0,0,1032,0,0,0,0,64,12320,0,0,1,1
48109210,0,0,0,0,1032,0,0,0,0,64,12320,0,0,1,1
48109230,0,0,0,0,1032,0,0,0,0,64,12320,0,0,1,1
48109290,0,0,0,0,1032,0,0,0,0,64,12320,0,0,1,1
48109910,0,0,0,0,1033,0,0,0,0,64,12330,0,0,1,1
48109980,0,0,0,0,1033,0,0,0,0,64,12330,0,0,1,1
48110000,0,0,0,0,0,0,NA,NA,NA,NA,NA,NA,NA,NA,1
48111000,0,0,0,0,0,1220,0,0,0,0,0,14200,0,0,1
48114120,0,0,0,0,0,1220,0,0,0,0,0,14200,0,0,1
48114190,0,0,0,0,0,1220,0,0,0,0,0,14200,0,0,1
48114900,0,0,0,0,0,1220,0,0,0,0,0,14200,0,0,1
48115100,0,0,0,0,1032,0,0,0,0,0,12320,0,0,1,1
48115900,0,0,0,0,1032,0,0,0,0,0,12320,0,0,1,1
48116000,0,0,0,0,0,1220,0,0,0,0,0,14200,0,0,1
48119000,0,0,0,0,0,1220,0,0,0,0,0,14200,0,0,1
48120000,0,0,0,0,1040,0,0,0,0,0,12400,0,0,1,1
48130000,0,0,0,0,1040,0,NA,NA,NA,NA,NA,NA,NA,NA,1
48131000,0,0,0,0,0,0,0,0,0,0,12400,0,0,1,1
48132000,0,0,0,0,0,0,0,0,0,64,12400,0,0,1,1
48139010,0,0,0,64,0,0,0,0,0,64,12400,0,0,1,2.5
48139090,0,0,0,64,0,0,0,0,0,64,12400,0,0,1,2.5
48140000,0,0,0,0,0,1264,NA,NA,NA,NA,NA,NA,NA,NA,1
48142000,0,0,0,0,0,0,0,0,0,0,0,14540,0,0,1
48149010,0,0,0,0,0,0,0,0,0,0,0,14540,0,0,1
48149070,0,0,0,0,0,0,0,0,0,0,0,14540,0,0,1
48160000,0,0,0,0,0,1230,NA,NA,NA,NA,NA,NA,NA,NA,1
48162000,0,0,0,0,0,0,0,0,0,0,0,14540,0,0,1
48169000,0,0,0,0,0,0,0,0,0,0,0,14540,0,0,1
48170000,0,0,0,0,0,1264,NA,NA,NA,NA,NA,NA,NA,NA,1
48171000,0,0,0,0,0,0,0,0,0,0,0,14540,0,0,1
48172000,0,0,0,0,0,0,0,0,0,0,0,14540,0,0,1
48173000,0,0,0,0,0,0,0,0,0,0,0,14540,0,0,1
48180000,0,0,0,0,0,1240,NA,NA,NA,NA,NA,NA,NA,NA,1
48181010,0,0,0,0,0,0,0,0,0,0,0,0,0,0,1
48181090,0,0,0,0,0,0,0,0,0,0,0,0,0,0,1
48182010,0,0,0,0,0,0,0,0,0,0,0,0,0,0,1
48182091,0,0,0,0,0,0,0,0,0,0,0,0,0,0,1
48182099,0,0,0,0,0,0,0,0,0,0,0,0,0,0,1
48183000,0,0,0,0,0,0,0,0,0,0,0,0,0,0,1
48185000,0,0,0,0,0,0,0,0,0,0,0,0,0,0,1
48189010,0,0,0,0,0,0,0,0,0,0,0,0,0,0,1
48189090,0,0,0,0,0,0,0,0,0,0,0,14300,0,0,1
48190000,0,0,0,0,0,1250,NA,NA,NA,NA,NA,NA,NA,NA,1
48191000,0,0,0,0,0,0,0,0,0,0,0,14400,0,0,1
48192000,0,0,0,0,0,0,0,0,0,0,0,14400,0,0,1
48193000,0,0,0,0,0,0,0,0,0,0,0,14400,0,0,1
48194000,0,0,0,0,0,0,0,0,0,0,0,14400,0,0,1
48195000,0,0,0,0,0,0,0,0,0,0,0,14400,0,0,1
48196000,0,0,0,0,0,0,0,0,0,0,0,14400,0,0,1
48200000,0,0,0,0,0,1264,NA,NA,NA,NA,NA,NA,NA,NA,1
48201010,0,0,0,0,0,0,0,0,0,0,0,14540,0,0,1
48201030,0,0,0,0,0,0,0,0,0,0,0,14540,0,0,1
48201050,0,0,0,0,0,0,0,0,0,0,0,14540,0,0,1
48201090,0,0,0,0,0,0,0,0,0,0,0,14540,0,0,1
48202000,0,0,0,0,0,0,0,0,0,0,0,14540,0,0,1
48203000,0,0,0,0,0,0,0,0,0,0,0,14540,0,0,1
48204000,0,0,0,0,0,0,0,0,0,0,0,14540,0,0,1
48205000,0,0,0,0,0,0,0,0,0,0,0,14540,0,0,1
48209000,0,0,0,0,0,0,0,0,0,0,0,14540,0,0,1
48210000,0,0,0,0,0,1264,NA,NA,NA,NA,NA,NA,NA,NA,1
48211010,0,0,0,0,0,0,0,0,0,0,0,14540,0,0,1
48211090,0,0,0,0,0,0,0,0,0,0,0,14540,0,0,1
48219010,0,0,0,0,0,0,0,0,0,0,0,14540,0,0,1
48219090,0,0,0,0,0,0,0,0,0,0,0,14540,0,0,1
48220000,0,0,0,0,0,1264,NA,NA,NA,NA,NA,NA,NA,NA,1
48221000,0,0,0,0,0,0,0,0,0,0,0,14540,0,0,1
48229000,0,0,0,0,0,0,0,0,0,0,0,14540,0,0,1
48230000,0,0,0,0,0,0,NA,NA,NA,NA,NA,NA,NA,NA,1
48232000,0,0,0,0,0,1263,0,0,0,0,0,14530,0,0,1
48234000,0,0,0,0,0,1264,0,0,0,0,0,14540,0,0,1
48236100,0,0,0,0,0,1264,0,0,0,0,0,14540,0,0,1
48236910,0,0,0,0,0,1264,0,0,0,0,0,14540,0,0,1
48236990,0,0,0,0,0,1264,0,0,0,0,0,14540,0,0,1
48237010,0,0,0,0,0,1262,0,0,0,0,0,14520,0,0,1
48237090,0,0,0,0,0,1262,0,0,0,0,0,14520,0,0,1
48239040,0,0,0,0,0,1261,0,0,0,0,0,14510,0,0,1
48239085,0,0,0,0,0,1264,0,0,0,0,0,14540,0,0,1
49010000,0,0,0,0,0,1271,NA,NA,NA,NA,NA,NA,NA,NA,1
49011000,0,0,0,0,0,0,0,0,0,0,0,0,0,0,1
49019100,0,0,0,0,0,0,0,0,0,0,0,0,0,0,1
49019900,0,0,0,0,0,0,0,0,0,0,0,0,0,0,1
49020000,0,0,0,0,0,1272,NA,NA,NA,NA,NA,NA,NA,NA,1
49021000,0,0,0,0,0,0,0,0,0,0,0,0,0,0,1
49029000,0,0,0,0,0,0,0,0,0,0,0,0,0,0,1
49030000,0,0,0,0,0,1273,0,0,0,0,0,0,0,0,1
49040000,0,0,0,0,0,1273,0,0,0,0,0,0,0,0,1
49050000,0,0,0,0,0,1273,NA,NA,NA,NA,NA,NA,NA,NA,1
49051000,0,0,0,0,0,0,0,0,0,0,0,0,0,0,1
49059100,0,0,0,0,0,0,0,0,0,0,0,0,0,0,1
49059900,0,0,0,0,0,0,0,0,0,0,0,0,0,0,1
49060000,0,0,0,0,0,1273,0,0,0,0,0,0,0,0,1
49070000,0,0,0,0,0,1273,NA,NA,NA,NA,NA,NA,NA,NA,1
49070010,0,0,0,0,0,0,0,0,0,0,0,0,0,0,1
49070030,0,0,0,0,0,0,0,0,0,0,0,0,0,0,1
49070090,0,0,0,0,0,0,0,0,0,0,0,0,0,0,1
49080000,0,0,0,0,0,1273,NA,NA,NA,NA,NA,NA,NA,NA,1
49081000,0,0,0,0,0,0,0,0,0,0,0,0,0,0,1
49089000,0,0,0,0,0,0,0,0,0,0,0,0,0,0,1
49090000,0,0,0,0,0,1273,0,0,0,0,0,0,0,0,1
49100000,0,0,0,0,0,1273,0,0,0,0,0,0,0,0,1
49110000,0,0,0,0,0,1273,NA,NA,NA,NA,NA,NA,NA,NA,1
49111010,0,0,0,0,0,0,0,0,0,0,0,0,0,0,1
49111090,0,0,0,0,0,0,0,0,0,0,0,0,0,0,1
49119100,0,0,0,0,0,0,0,0,0,0,0,0,0,0,1
49119900,0,0,0,0,0,0,0,0,0,0,0,0,0,0,1
94010000,0,0,0,0,0,0,NA,NA,NA,NA,NA,NA,NA,NA,1
94011000,0,0,0,0,0,0,0,0,0,0,0,0,0,0,1
94012000,0,0,0,0,0,0,0,0,0,0,0,0,0,0,1
94013000,0,0,0,0,0,0,0,0,0,0,0,0,0,0,1
94014000,0,0,0,0,0,0,0,0,0,0,0,0,0,0,1
94015100,0,0,0,0,0,0,0,0,0,0,0,0,0,0,1
94015200,NA,NA,NA,NA,NA,NA,0,0,0,0,0,0,0,0,1
94015300,NA,NA,NA,NA,NA,NA,0,0,0,0,0,0,0,0,1
94015900,0,0,0,0,0,0,0,0,0,0,0,0,0,0,1
94016100,0,0,0,0,0,1160,0,0,0,0,0,13500,0,0,1
94016900,0,0,0,0,0,1160,0,0,0,0,0,13500,0,0,1
94017100,0,0,0,0,0,0,0,0,0,0,0,0,0,0,1
94017900,0,0,0,0,0,0,0,0,0,0,0,0,0,0,1
94018000,0,0,0,0,0,0,0,0,0,0,0,0,0,0,1
94019010,0,0,0,0,0,0,0,0,0,0,0,0,0,0,1
94019030,0,0,0,0,0,1160,0,0,0,0,0,13500,0,0,1
94019080,0,0,0,0,0,0,0,0,0,0,0,0,0,0,1
94020000,0,0,0,0,0,0,NA,NA,NA,NA,NA,NA,NA,NA,1
94021000,0,0,0,0,0,0,0,0,0,0,0,0,0,0,1
94029000,0,0,0,0,0,0,0,0,0,0,0,0,0,0,1
94030000,0,0,0,0,0,0,NA,NA,NA,NA,NA,NA,NA,NA,1
94031051,0,0,0,0,0,0,0,0,0,0,0,0,0,0,1
94031058,0,0,0,0,0,0,0,0,0,0,0,0,0,0,1
94031091,0,0,0,0,0,0,0,0,0,0,0,0,0,0,1
94031093,0,0,0,0,0,0,0,0,0,0,0,0,0,0,1
94031098,0,0,0,0,0,0,0,0,0,0,0,0,0,0,1
94032020,0,0,0,0,0,0,0,0,0,0,0,0,0,0,1
94032080,0,0,0,0,0,0,0,0,0,0,0,0,0,0,1
94033011,0,0,0,0,0,1160,0,0,0,0,0,13500,0,0,1
94033019,0,0,0,0,0,1160,0,0,0,0,0,13500,0,0,1
94033091,0,0,0,0,0,1160,0,0,0,0,0,13500,0,0,1
94033099,0,0,0,0,0,1160,0,0,0,0,0,13500,0,0,1
94034010,0,0,0,0,0,1160,0,0,0,0,0,13500,0,0,1
94034090,0,0,0,0,0,1160,0,0,0,0,0,13500,0,0,1
94035000,0,0,0,0,0,1160,0,0,0,0,0,13500,0,0,1
94036010,0,0,0,0,0,1160,0,0,0,0,0,13500,0,0,1
94036030,0,0,0,0,0,1160,0,0,0,0,0,13500,0,0,1
94036090,0,0,0,0,0,1160,0,0,0,0,0,13500,0,0,1
94037000,0,0,0,0,0,0,0,0,0,0,0,0,0,0,1
94038100,0,0,0,0,0,0,0,0,0,0,0,0,0,0,1
94038200,NA,NA,NA,NA,NA,NA,0,0,0,0,0,0,0,0,1
94038300,NA,NA,NA,NA,NA,NA,0,0,0,0,0,0,0,0,1
94038900,0,0,0,0,0,0,0,0,0,0,0,0,0,0,1
94039010,0,0,0,0,0,0,0,0,0,0,0,0,0,0,1
94039030,0,0,0,0,0,1160,0,0,0,0,0,13500,0,0,1
94039090,0,0,0,0,0,0,0,0,0,0,0,0,0,0,1
94040000,0,0,0,0,0,0,NA,NA,NA,NA,NA,NA,NA,NA,1
94041000,0,0,0,0,0,0,0,0,0,0,0,0,0,0,1
94042110,0,0,0,0,0,0,0,0,0,0,0,0,0,0,1
94042190,0,0,0,0,0,0,0,0,0,0,0,0,0,0,1
94042910,0,0,0,0,0,0,0,0,0,0,0,0,0,0,1
94042990,0,0,0,0,0,0,0,0,0,0,0,0,0,0,1
94043000,0,0,0,0,0,0,0,0,0,0,0,0,0,0,1
94049010,0,0,0,0,0,0,0,0,0,0,0,0,0,0,1
94049090,0,0,0,0,0,0,0,0,0,0,0,0,0,0,1
94050000,0,0,0,0,0,0,NA,NA,NA,NA,NA,NA,NA,NA,1
94051021,0,0,0,0,0,0,0,0,0,0,0,0,0,0,1
94051040,0,0,0,0,0,0,0,0,0,0,0,0,0,0,1
94051050,0,0,0,0,0,0,0,0,0,0,0,0,0,0,1
94051091,0,0,0,0,0,0,0,0,0,0,0,0,0,0,1
94051098,0,0,0,0,0,0,0,0,0,0,0,0,0,0,1
94052011,0,0,0,0,0,0,0,0,0,0,0,0,0,0,1
94052040,0,0,0,0,0,0,0,0,0,0,0,0,0,0,1
94052050,0,0,0,0,0,0,0,0,0,0,0,0,0,0,1
94052091,0,0,0,0,0,0,0,0,0,0,0,0,0,0,1
94052099,0,0,0,0,0,0,0,0,0,0,0,0,0,0,1
94053000,0,0,0,0,0,0,0,0,0,0,0,0,0,0,1
94054010,0,0,0,0,0,0,0,0,0,0,0,0,0,0,1
94054031,0,0,0,0,0,0,0,0,0,0,0,0,0,0,1
94054035,0,0,0,0,0,0,0,0,0,0,0,0,0,0,1
94054039,0,0,0,0,0,0,0,0,0,0,0,0,0,0,1
94054091,0,0,0,0,0,0,0,0,0,0,0,0,0,0,1
94054095,0,0,0,0,0,0,0,0,0,0,0,0,0,0,1
94054099,0,0,0,0,0,0,0,0,0,0,0,0,0,0,1
94055000,0,0,0,0,0,0,0,0,0,0,0,0,0,0,1
94056020,0,0,0,0,0,0,0,0,0,0,0,0,0,0,1
94056080,0,0,0,0,0,0,0,0,0,0,0,0,0,0,1
94059110,0,0,0,0,0,0,0,0,0,0,0,0,0,0,1
94059190,0,0,0,0,0,0,0,0,0,0,0,0,0,0,1
94059200,0,0,0,0,0,0,0,0,0,0,0,0,0,0,1
94059900,0,0,0,0,0,0,0,0,0,0,0,0,0,0,1
94060000,0,0,0,0,0,1170,NA,NA,NA,NA,NA,NA,NA,NA,1
94060011,0,0,0,0,0,0,NA,NA,NA,NA,NA,NA,NA,NA,1
94060020,0,0,0,0,0,1171,0,0,0,0,0,0,0,0,1
94060031,0,0,0,0,0,0,0,0,0,0,0,0,0,0,1
94060038,0,0,0,0,0,0,0,0,0,0,0,0,0,0,1
94060080,0,0,0,0,0,0,0,0,0,0,0,0,0,0,1
94061000,NA,NA,NA,NA,NA,NA,0,0,0,0,0,13600,0,0,1
94069010,NA,NA,NA,NA,NA,NA,0,0,0,0,0,0,0,0,1
94069031,NA,NA,NA,NA,NA,NA,0,0,0,0,0,0,0,0,1
94069038,NA,NA,NA,NA,NA,NA,0,0,0,0,0,0,0,0,1
94069090,NA,NA,NA,NA,NA,NA,0,0,0,0,0,0,0,0,1
